{
  "mean_gt_iou": 0.5904052105374061,
  "precision@0.50": 0.6614173228346457,
  "recall@0.50": 0.6461538461538462,
  "f1@0.50": 0.6536964980544748,
  "samples_evaluated": 123
}